,Note Name,Note Image
0,Bergamot,https://fimgs.net/mdimg/sastojci/m.75.jpg?1441385204
1,Bitter Orange,https://fimgs.net/mdimg/sastojci/m.79.jpg?1440725941
2,Blood Orange,https://fimgs.net/mdimg/sastojci/m.286.jpg?1440725523
3,Calamansi,https://fimgs.net/mdimg/sastojci/m.1028.jpg?1575996335
4,Chinotto,https://fimgs.net/mdimg/sastojci/m.866.jpg?1598651656
5,Citron,https://fimgs.net/mdimg/sastojci/m.373.jpg?1440724256
6,Citruses,https://fimgs.net/mdimg/sastojci/m.313.jpg?1440724966
7,Clementine,https://fimgs.net/mdimg/sastojci/m.84.jpg?1440730629
8,Finger Lime,https://fimgs.net/mdimg/sastojci/m.881.jpg?1598640078
9,Grapefruit,https://fimgs.net/mdimg/sastojci/m.76.jpg?1440740037
10,Hassaku,https://fimgs.net/mdimg/sastojci/m.445.jpg?1500531083
11,Hatkora lemon,https://fimgs.net/mdimg/sastojci/m.639.jpg?1500471627
12,Kaffir Lime,https://fimgs.net/mdimg/sastojci/m.958.jpg?1551214529
13,Kumquat,https://fimgs.net/mdimg/sastojci/m.81.jpg?1440730952
14,Lemon,https://fimgs.net/mdimg/sastojci/m.77.jpg?1440731353
15,Lemon Balm,https://fimgs.net/mdimg/sastojci/m.375.jpg?1440740197
16,Lemon tree,https://fimgs.net/mdimg/sastojci/m.381.jpg?1440739753
17,Lemon Verbena,https://fimgs.net/mdimg/sastojci/m.120.jpg?1440740413
18,Lemon Zest,https://fimgs.net/mdimg/sastojci/m.788.jpg?1588375969
19,Lemongrass,https://fimgs.net/mdimg/sastojci/m.358.jpg?1440731649
20,Lime,https://fimgs.net/mdimg/sastojci/m.78.jpg?1440731198
21,Limetta,https://fimgs.net/mdimg/sastojci/m.901.jpg?1598641517
22,Litsea Cubeba,https://fimgs.net/mdimg/sastojci/m.529.jpg?1588391042
23,Mandarin Orange,https://fimgs.net/mdimg/sastojci/m.82.jpg?1585607773
24,Mandora,https://fimgs.net/mdimg/sastojci/m.1044.jpg?1585703458
25,Methyl Pamplemousse,https://fimgs.net/mdimg/sastojci/m.467.jpg?1440740017
26,Neroli,https://fimgs.net/mdimg/sastojci/m.17.jpg?1440739322
27,Orange,https://fimgs.net/mdimg/sastojci/m.80.jpg?1440736796
28,Petitgrain,https://fimgs.net/mdimg/sastojci/m.3.jpg?1440739582
29,Pomelo,https://fimgs.net/mdimg/sastojci/m.242.jpg?1440738219
30,Tangelo,https://fimgs.net/mdimg/sastojci/m.935.jpg?1546878015
31,Tangerine,https://fimgs.net/mdimg/sastojci/m.85.jpg?1440738368
32,Yuzu,https://fimgs.net/mdimg/sastojci/m.83.jpg?1440738532
33,Acai berry,https://fimgs.net/mdimg/sastojci/m.596.jpg?1466291951
34,Acerola,https://fimgs.net/mdimg/sastojci/m.673.jpg?1598657680
35,Almond,https://fimgs.net/mdimg/sastojci/m.130.jpg?1440794517
36,Apple,https://fimgs.net/mdimg/sastojci/m.146.jpg?1440958253
37,Apple juice,https://fimgs.net/mdimg/sastojci/m.929.jpg?1545561411
38,Apple pulp,https://fimgs.net/mdimg/sastojci/m.930.jpg?1545561469
39,Apple sherbet,https://fimgs.net/mdimg/sastojci/m.823.jpg?1508499391
40,Apricot,https://fimgs.net/mdimg/sastojci/m.175.jpg?1440900087
41,Arctic Bramble,https://fimgs.net/mdimg/sastojci/m.1027.jpg?1575092782
42,Argan,https://fimgs.net/mdimg/sastojci/m.956.jpg?1551085412
43,Banana,https://fimgs.net/mdimg/sastojci/m.123.jpg?1440794826
44,Barberry,https://fimgs.net/mdimg/sastojci/m.329.jpg?1500286122
45,Bearberry,https://fimgs.net/mdimg/sastojci/m.344.jpg?1440904824
46,Beetroot,https://fimgs.net/mdimg/sastojci/m.817.jpg?1503472136
47,Bigarade,https://fimgs.net/mdimg/sastojci/m.1083.jpg?1613090511
48,Black Currant,https://fimgs.net/mdimg/sastojci/m.132.jpg?1440797472
49,Blackberry,https://fimgs.net/mdimg/sastojci/m.169.jpg?1440902393
50,Blackthorn,https://fimgs.net/mdimg/sastojci/m.634.jpg?1400081408
51,Blueberry,https://fimgs.net/mdimg/sastojci/m.225.jpg?1440796041
52,Boysenberry,https://fimgs.net/mdimg/sastojci/m.577.jpg?1363464638
53,Brazil nut,https://fimgs.net/mdimg/sastojci/m.533.jpg?1440796303
54,Carambola (Star Fruit),https://fimgs.net/mdimg/sastojci/m.212.jpg?1440796932
55,Carrot,https://fimgs.net/mdimg/sastojci/m.275.jpg?1585879456
56,Cashew,https://fimgs.net/mdimg/sastojci/m.1009.jpg?1612406972
57,Cassowary fruit,https://fimgs.net/mdimg/sastojci/m.444.jpg?1440797353
58,Cepes,https://fimgs.net/mdimg/sastojci/m.376.jpg?1442949887
59,Chayote,https://fimgs.net/mdimg/sastojci/m.774.jpg?1453408938
60,Cherimoya,https://fimgs.net/mdimg/sastojci/m.880.jpg?1598726211
61,Cherry,https://fimgs.net/mdimg/sastojci/m.297.jpg?1440955691
62,Chestnut,https://fimgs.net/mdimg/sastojci/m.578.jpg?1587005449
63,Cloudberry,https://fimgs.net/mdimg/sastojci/m.692.jpg?1435690344
64,Coconut,https://fimgs.net/mdimg/sastojci/m.138.jpg?1440901443
65,Corn Silk,https://fimgs.net/mdimg/sastojci/m.548.jpg?1441312968
66,Cranberry,https://fimgs.net/mdimg/sastojci/m.274.jpg?1440901189
67,Cucumber,https://fimgs.net/mdimg/sastojci/m.126.jpg?1441312274
68,"Cupuacu, Cupuassu, Copoasu",https://fimgs.net/mdimg/sastojci/m.465.jpg?1440892279
69,Currant leaf and bud,https://fimgs.net/mdimg/sastojci/m.337.jpg?1440793849
70,Cyperus scariosus,https://fimgs.net/mdimg/sastojci/m.460.jpg?1440896025
71,Dewberry,https://fimgs.net/mdimg/sastojci/m.644.jpg?1440896414
72,Dried Apple Crisp,https://fimgs.net/mdimg/sastojci/m.908.jpg?1539123669
73,Dried Apricot,https://fimgs.net/mdimg/sastojci/m.961.jpg?1598893573
74,Dried Fruits,https://fimgs.net/mdimg/sastojci/m.230.jpg?1598561412
75,Fig,https://fimgs.net/mdimg/sastojci/m.247.jpg?1440953103
76,Fig Leaf,https://fimgs.net/mdimg/sastojci/m.150.jpg?1441316266
77,Forest fruits,https://fimgs.net/mdimg/sastojci/m.382.jpg?1598560938
78,Frosted Berries,https://fimgs.net/mdimg/sastojci/m.805.jpg?1499661804
79,Fruity Notes,https://fimgs.net/mdimg/sastojci/m.320.jpg?1354330189
80,Genipapo,https://fimgs.net/mdimg/sastojci/m.1080.jpg?1612649182
81,Goji Berries,https://fimgs.net/mdimg/sastojci/m.696.jpg?1436077081
82,Gooseberry,https://fimgs.net/mdimg/sastojci/m.249.jpg?1440950356
83,Grape Seed,https://fimgs.net/mdimg/sastojci/m.937.jpg?1547929758
84,Grapes,https://fimgs.net/mdimg/sastojci/m.269.jpg?1440897502
85,Greengage,https://fimgs.net/mdimg/sastojci/m.996.jpg?1560415066
86,Ground Cherry,https://fimgs.net/mdimg/sastojci/m.682.jpg?1431352356
87,Guarana,https://fimgs.net/mdimg/sastojci/m.532.jpg?1440897833
88,Guava,https://fimgs.net/mdimg/sastojci/m.177.jpg?1440898109
89,Hazelnut,https://fimgs.net/mdimg/sastojci/m.141.jpg?1440903065
90,Jabuticaba,https://fimgs.net/mdimg/sastojci/m.615.jpg?1440898344
91,Jackfruit,https://fimgs.net/mdimg/sastojci/m.462.jpg?1440898729
92,Japanese Loquat,https://fimgs.net/mdimg/sastojci/m.550.jpg?1440899844
93,Jobs tears (Yi Yi Ren),https://fimgs.net/mdimg/sastojci/m.916.jpg?1598727693
94,Kiwi,https://fimgs.net/mdimg/sastojci/m.178.jpg?1440900911
95,Kumbaru,https://fimgs.net/mdimg/sastojci/m.616.jpg?1440902182
96,Lingonberry,https://fimgs.net/mdimg/sastojci/m.1029.jpg?1576104726
97,Litchi,https://fimgs.net/mdimg/sastojci/m.194.jpg?1440902640
98,Longan Berries,https://fimgs.net/mdimg/sastojci/m.1030.jpg?1576180656
99,Macadamia,https://fimgs.net/mdimg/sastojci/m.666.jpg?1598587654
100,Mahonia,https://fimgs.net/mdimg/sastojci/m.909.jpg?1539589978
101,Malt,https://fimgs.net/mdimg/sastojci/m.480.jpg?1440952106
102,Mango,https://fimgs.net/mdimg/sastojci/m.179.jpg?1440904086
103,Mangosteen,https://fimgs.net/mdimg/sastojci/m.303.jpg?1440904354
104,Maninka,https://fimgs.net/mdimg/sastojci/m.693.jpg?1435831924
105,Marian Plum,https://fimgs.net/mdimg/sastojci/m.1007.jpg?1567824328
106,Medlar,https://fimgs.net/mdimg/sastojci/m.1077.jpg?1612580929
107,Melon,https://fimgs.net/mdimg/sastojci/m.172.jpg?1440896728
108,Mirabelle,https://fimgs.net/mdimg/sastojci/m.491.jpg?1440952760
109,Moepel accord,https://fimgs.net/mdimg/sastojci/m.654.jpg?1416309750
110,Mulberry,https://fimgs.net/mdimg/sastojci/m.531.jpg?1440896970
111,Mushroom,https://fimgs.net/mdimg/sastojci/m.839.jpg?1588391231
112,Nashi Pear,https://fimgs.net/mdimg/sastojci/m.1010.jpg?1569290512
113,Nectarine,https://fimgs.net/mdimg/sastojci/m.197.jpg?1440905556
114,Nutty Notes,https://fimgs.net/mdimg/sastojci/m.1023.jpg?1573808397
115,Olive,https://fimgs.net/mdimg/sastojci/m.263.jpg?1440904545
116,Papaya,https://fimgs.net/mdimg/sastojci/m.227.jpg?1440951188
117,Passionfruit,https://fimgs.net/mdimg/sastojci/m.161.jpg?1440792127
118,Pea,https://fimgs.net/mdimg/sastojci/m.637.jpg?1402050608
119,Peach,https://fimgs.net/mdimg/sastojci/m.117.jpg?1440796515
120,Peanut,https://fimgs.net/mdimg/sastojci/m.547.jpg?1440900569
121,Pear,https://fimgs.net/mdimg/sastojci/m.182.jpg?1440901622
122,Pecan,https://fimgs.net/mdimg/sastojci/m.1022.jpg?1598646179
123,Persimmon,https://fimgs.net/mdimg/sastojci/m.341.jpg?1440900321
124,Pineapple,https://fimgs.net/mdimg/sastojci/m.170.jpg?1440794176
125,Pinot Noir grapes,https://fimgs.net/mdimg/sastojci/m.721.jpg?1499753147
126,Pistachio,https://fimgs.net/mdimg/sastojci/m.221.jpg?1440951480
127,Pitahaya,https://fimgs.net/mdimg/sastojci/m.218.jpg?1440951781
128,Pitanga,https://fimgs.net/mdimg/sastojci/m.747.jpg?1450975319
129,Plum,https://fimgs.net/mdimg/sastojci/m.171.jpg?1440952487
130,Pomegranate,https://fimgs.net/mdimg/sastojci/m.193.jpg?1440905282
131,Pumpkin,https://fimgs.net/mdimg/sastojci/m.509.jpg?1440796678
132,Quince,https://fimgs.net/mdimg/sastojci/m.223.jpg?1440897264
133,Rambutan,https://fimgs.net/mdimg/sastojci/m.1036.jpg?1580362733
134,Raspberry,https://fimgs.net/mdimg/sastojci/m.174.jpg?1440903536
135,Red Apple,https://fimgs.net/mdimg/sastojci/m.144.jpg?1440797639
136,Red Berries,https://fimgs.net/mdimg/sastojci/m.184.jpg?1440891622
137,Red Currant,https://fimgs.net/mdimg/sastojci/m.134.jpg?1440797816
138,Red Fruits,https://fimgs.net/mdimg/sastojci/m.726.jpg?1598560136
139,Rhubarb,https://fimgs.net/mdimg/sastojci/m.188.jpg?1441322627
140,Sapodilla,https://fimgs.net/mdimg/sastojci/m.645.jpg?1407427939
141,Sea Buckthorn,https://fimgs.net/mdimg/sastojci/m.871.jpg?1521220732
142,Snowberry,https://fimgs.net/mdimg/sastojci/m.746.jpg?1450899640
143,Sour Cherry,https://fimgs.net/mdimg/sastojci/m.176.jpg?1351029976
144,Soursop,https://fimgs.net/mdimg/sastojci/m.1005.jpg?1567080638
145,Soybean,https://fimgs.net/mdimg/sastojci/m.224.jpg?1440953395
146,Squash,https://fimgs.net/mdimg/sastojci/m.1018.jpg?1572401038
147,Star apple,https://fimgs.net/mdimg/sastojci/m.428.jpg?1440958679
148,Strawberry,https://fimgs.net/mdimg/sastojci/m.261.jpg?1440899619
149,Tayberry,https://fimgs.net/mdimg/sastojci/m.330.jpg?1440955292
150,Tomato,https://fimgs.net/mdimg/sastojci/m.252.jpg?1441329294
151,Tropical Fruits,https://fimgs.net/mdimg/sastojci/m.319.jpg?1440956983
152,Umbu-Cajá | Taperebá,https://fimgs.net/mdimg/sastojci/m.782.jpg?1598649989
153,Walnut,https://fimgs.net/mdimg/sastojci/m.336.jpg?1440950657
154,Water Fruit,https://fimgs.net/mdimg/sastojci/m.702.jpg?1436693928
155,Watermelon,https://fimgs.net/mdimg/sastojci/m.173.jpg?1440903288
156,White Currant,https://fimgs.net/mdimg/sastojci/m.219.jpg?1440795665
157,Wild Strawberry,https://fimgs.net/mdimg/sastojci/m.163.jpg?1440954226
158,Winterberry,https://fimgs.net/mdimg/sastojci/m.438.jpg?1440957663
159,Wolfberry,https://fimgs.net/mdimg/sastojci/m.520.jpg?1440957898
160,Yellow Cherry,https://fimgs.net/mdimg/sastojci/m.292.jpg?1440795433
161,Yumberry,https://fimgs.net/mdimg/sastojci/m.650.jpg?1598664882
162,Acacia,https://fimgs.net/mdimg/sastojci/m.730.jpg?1541088201
163,Acerola blossom,https://fimgs.net/mdimg/sastojci/m.674.jpg?1429189995
164,Aglaia,https://fimgs.net/mdimg/sastojci/m.414.jpg?1598579950
165,Almond Blossom,https://fimgs.net/mdimg/sastojci/m.131.jpg?1440794614
166,Althaea,https://fimgs.net/mdimg/sastojci/m.1084.jpg?1613434437
167,Alumroot,https://fimgs.net/mdimg/sastojci/m.624.jpg?1440959481
168,Alyssum,https://fimgs.net/mdimg/sastojci/m.609.jpg?1598664314
169,Amarillys,https://fimgs.net/mdimg/sastojci/m.279.jpg?1440959660
170,Anemone,https://fimgs.net/mdimg/sastojci/m.244.jpg?1440960182
171,Angel's Trumpet,https://fimgs.net/mdimg/sastojci/m.377.jpg?1440959846
172,Apple Blossom,https://fimgs.net/mdimg/sastojci/m.285.jpg?1441046766
173,Apricot Blossom,https://fimgs.net/mdimg/sastojci/m.365.jpg?1441050401
174,Ashoka Flower,https://fimgs.net/mdimg/sastojci/m.827.jpg?1598660163
175,Banana Flower,https://fimgs.net/mdimg/sastojci/m.957.jpg?1598893273
176,Begonia,https://fimgs.net/mdimg/sastojci/m.1060.jpg?1601077540
177,Belladona,https://fimgs.net/mdimg/sastojci/m.496.jpg?1441042449
178,Bellflower,https://fimgs.net/mdimg/sastojci/m.293.jpg?1441242052
179,Bergamot Blossom,https://fimgs.net/mdimg/sastojci/m.680.jpg?1429729618
180,Black Currant Blossom,https://fimgs.net/mdimg/sastojci/m.133.jpg?1440791004
181,Blackberry Blossom,https://fimgs.net/mdimg/sastojci/m.886.jpg?1532360894
182,Blue Lilies,https://fimgs.net/mdimg/sastojci/m.787.jpg?1500286545
183,Blue Poppy,https://fimgs.net/mdimg/sastojci/m.342.jpg?1441232050
184,Bougainvillea,https://fimgs.net/mdimg/sastojci/m.466.jpg?1441044058
185,Bread Flower,https://fimgs.net/mdimg/sastojci/m.846.jpg?1517006998
186,Bromelia,https://fimgs.net/mdimg/sastojci/m.633.jpg?1441044935
187,Buddleia,https://fimgs.net/mdimg/sastojci/m.604.jpg?1598599063
188,Butomus umbellatus,https://fimgs.net/mdimg/sastojci/m.859.jpg?1518622272
189,Buttercup,https://fimgs.net/mdimg/sastojci/m.885.jpg?1598726447
190,Camellia,https://fimgs.net/mdimg/sastojci/m.254.jpg?1441136447
191,Cannonball Flower,https://fimgs.net/mdimg/sastojci/m.826.jpg?1598725652
192,Carambola blossom,https://fimgs.net/mdimg/sastojci/m.675.jpg?1429190978
193,Carnation,https://fimgs.net/mdimg/sastojci/m.7.jpg?1441136893
194,Celosia,https://fimgs.net/mdimg/sastojci/m.605.jpg?1373715697
195,Chamomile,https://fimgs.net/mdimg/sastojci/m.289.jpg?1441302663
196,Champaca,https://fimgs.net/mdimg/sastojci/m.243.jpg?1585711212
197,Cherry Blossom,https://fimgs.net/mdimg/sastojci/m.298.jpg?1441049583
198,Chimonanthus or Wintersweet,https://fimgs.net/mdimg/sastojci/m.489.jpg?1441131863
199,China Rose,https://fimgs.net/mdimg/sastojci/m.797.jpg?1455907018
200,Chinotto blossom,https://fimgs.net/mdimg/sastojci/m.867.jpg?1520522209
201,Chocolate Flower,https://fimgs.net/mdimg/sastojci/m.189.jpg?1441045752
202,Christmas Tree or Flame Tree,https://fimgs.net/mdimg/sastojci/m.502.jpg?1441242828
203,Chrysanthemum,https://fimgs.net/mdimg/sastojci/m.211.jpg?1441300104
204,Clematis,https://fimgs.net/mdimg/sastojci/m.877.jpg?1599019740
205,Clover,https://fimgs.net/mdimg/sastojci/m.125.jpg?1441054953
206,Coffee blossom,https://fimgs.net/mdimg/sastojci/m.561.jpg?1441047339
207,"Cornflower, Sultan seeds",https://fimgs.net/mdimg/sastojci/m.463.jpg?1441243245
208,Cosmos Flower,https://fimgs.net/mdimg/sastojci/m.912.jpg?1541026883
209,Costus,https://fimgs.net/mdimg/sastojci/m.439.jpg?1585807005
210,Cotton Flower,https://fimgs.net/mdimg/sastojci/m.301.jpg?1441048653
211,Crinum lily,https://fimgs.net/mdimg/sastojci/m.659.jpg?1419243475
212,Cyclamen,https://fimgs.net/mdimg/sastojci/m.166.jpg?1441046044
213,Dahlia,https://fimgs.net/mdimg/sastojci/m.560.jpg?1441054024
214,Daisy,https://fimgs.net/mdimg/sastojci/m.468.jpg?1441209455
215,Dandelion,https://fimgs.net/mdimg/sastojci/m.505.jpg?1441209683
216,Daphne,https://fimgs.net/mdimg/sastojci/m.625.jpg?1500286619
217,deadnettle,https://fimgs.net/mdimg/sastojci/m.1034.jpg?1579409193
218,Delonix,https://fimgs.net/mdimg/sastojci/m.1020.jpg?1599069486
219,Desert Rose,https://fimgs.net/mdimg/sastojci/m.469.jpg?1441233110
220,Dianthus,https://fimgs.net/mdimg/sastojci/m.700.jpg?1436424526
221,Dove tree,https://fimgs.net/mdimg/sastojci/m.419.jpg?1441243063
222,Dried Rose,https://fimgs.net/mdimg/sastojci/m.971.jpg?1598662046
223,Dyer's Greenweed,https://fimgs.net/mdimg/sastojci/m.238.jpg?1441241751
224,Edelweiss,https://fimgs.net/mdimg/sastojci/m.401.jpg?1441234982
225,Eglantine Rose,https://fimgs.net/mdimg/sastojci/m.977.jpg?1561615586
226,Elderflower,https://fimgs.net/mdimg/sastojci/m.140.jpg?1441240824
227,Encian,https://fimgs.net/mdimg/sastojci/m.397.jpg?1588394280
228,English marigold,https://fimgs.net/mdimg/sastojci/m.191.jpg?1441212869
229,Field scabious,https://fimgs.net/mdimg/sastojci/m.651.jpg?1413181591
230,Flamingo flower (Anthurium),https://fimgs.net/mdimg/sastojci/m.917.jpg?1543311172
231,Flax,https://fimgs.net/mdimg/sastojci/m.291.jpg?1441143071
232,Floral Notes,https://fimgs.net/mdimg/sastojci/m.314.jpg?1585616440
233,Forget me not,https://fimgs.net/mdimg/sastojci/m.421.jpg?1441213290
234,Fragonia,https://fimgs.net/mdimg/sastojci/m.522.jpg?1441055399
235,Freesia,https://fimgs.net/mdimg/sastojci/m.94.jpg?1441055573
236,Fuchsia,https://fimgs.net/mdimg/sastojci/m.272.jpg?1441055739
237,Geranium,https://fimgs.net/mdimg/sastojci/m.21.jpg?1441056203
238,Gerbera,https://fimgs.net/mdimg/sastojci/m.450.jpg?1441056356
239,Gladiolus,https://fimgs.net/mdimg/sastojci/m.364.jpg?1441128876
240,Goldenrod,https://fimgs.net/mdimg/sastojci/m.686.jpg?1441129965
241,Gorse,https://fimgs.net/mdimg/sastojci/m.566.jpg?1441130159
242,grapeflower,https://fimgs.net/mdimg/sastojci/m.1047.jpg?1586571881
243,Green Nard,https://fimgs.net/mdimg/sastojci/m.778.jpg?1598588232
244,Green Tea Flower,https://fimgs.net/mdimg/sastojci/m.864.jpg?1598596979
245,Guava blossom,https://fimgs.net/mdimg/sastojci/m.676.jpg?1598657854
246,Guayacan,https://fimgs.net/mdimg/sastojci/m.1075.jpg?1612578906
247,Hawthorn,https://fimgs.net/mdimg/sastojci/m.89.jpg?1441129650
248,Hazel Blossom,https://fimgs.net/mdimg/sastojci/m.1015.jpg?1599068833
249,Heather,https://fimgs.net/mdimg/sastojci/m.473.jpg?1588390748
250,Heliotrope,https://fimgs.net/mdimg/sastojci/m.99.jpg?1441130787
251,Hellabore Flower,https://fimgs.net/mdimg/sastojci/m.357.jpg?1441142721
252,Hemlock,https://fimgs.net/mdimg/sastojci/m.497.jpg?1441229354
253,Hibiscus,https://fimgs.net/mdimg/sastojci/m.187.jpg?1441131104
254,Hoary Stock,https://fimgs.net/mdimg/sastojci/m.701.jpg?1598723212
255,Holly Flower,https://fimgs.net/mdimg/sastojci/m.752.jpg?1598723665
256,Hollyhock,https://fimgs.net/mdimg/sastojci/m.705.jpg?1598658367
257,Honeybush or Cyclopia,https://fimgs.net/mdimg/sastojci/m.814.jpg?1503321378
258,Honeydew Blossom,https://fimgs.net/mdimg/sastojci/m.809.jpg?1500583334
259,Hortensia,https://fimgs.net/mdimg/sastojci/m.271.jpg?1441132241
260,"Hoya carnosa, wax plant",https://fimgs.net/mdimg/sastojci/m.551.jpg?1441132436
261,Hyacinth,https://fimgs.net/mdimg/sastojci/m.22.jpg?1441241328
262,Hyssop,https://fimgs.net/mdimg/sastojci/m.426.jpg?1441243489
263,Impatiens,https://fimgs.net/mdimg/sastojci/m.567.jpg?1598664566
264,Iris,https://fimgs.net/mdimg/sastojci/m.11.jpg?1441132982
265,Jacaranda,https://fimgs.net/mdimg/sastojci/m.677.jpg?1429192153
266,Jade Flower,https://fimgs.net/mdimg/sastojci/m.629.jpg?1441133271
267,Jasmine Orchid,https://fimgs.net/mdimg/sastojci/m.995.jpg?1559672814
268,Jujube Blossom,https://fimgs.net/mdimg/sastojci/m.1037.jpg?1581390683
269,Kadam,https://fimgs.net/mdimg/sastojci/m.737.jpg?1449024358
270,Kanuka,https://fimgs.net/mdimg/sastojci/m.785.jpg?1453921830
271,Kiwi blossom,https://fimgs.net/mdimg/sastojci/m.443.jpg?1598647076
272,Kudzu,https://fimgs.net/mdimg/sastojci/m.472.jpg?1441141982
273,Laburnum,https://fimgs.net/mdimg/sastojci/m.234.jpg?1441240265
274,Lady of the Night Flower,https://fimgs.net/mdimg/sastojci/m.750.jpg?1451159674
275,Lady Slipper Orchid,https://fimgs.net/mdimg/sastojci/m.878.jpg?1523309445
276,Lamduan Flower,https://fimgs.net/mdimg/sastojci/m.855.jpg?1517457504
277,Lamprocapnos,https://fimgs.net/mdimg/sastojci/m.858.jpg?1518613466
278,Lantana,https://fimgs.net/mdimg/sastojci/m.600.jpg?1372412863
279,Larkspur,https://fimgs.net/mdimg/sastojci/m.972.jpg?1554891116
280,Laurel Blossom,https://fimgs.net/mdimg/sastojci/m.1019.jpg?1572990439
281,Lavender,https://fimgs.net/mdimg/sastojci/m.1.jpg?1455423401
282,Leatherwood,https://fimgs.net/mdimg/sastojci/m.766.jpg?1452828706
283,Liatris,https://fimgs.net/mdimg/sastojci/m.490.jpg?1441143687
284,Lilac,https://fimgs.net/mdimg/sastojci/m.152.jpg?1441133765
285,Lily-of-the-Valley,https://fimgs.net/mdimg/sastojci/m.109.jpg?1441242459
286,Lime (Linden) Blossom,https://fimgs.net/mdimg/sastojci/m.288.jpg?1441143991
287,Lotus,https://fimgs.net/mdimg/sastojci/m.27.jpg?1441156445
288,Lupin,https://fimgs.net/mdimg/sastojci/m.614.jpg?1441156765
289,Lydia Broom,https://fimgs.net/mdimg/sastojci/m.368.jpg?1441157278
290,Lysylang,https://fimgs.net/mdimg/sastojci/m.1065.jpg?1604000255
291,Magnolia,https://fimgs.net/mdimg/sastojci/m.147.jpg?1441210562
292,Malva,https://fimgs.net/mdimg/sastojci/m.804.jpg?1598724973
293,Mango blossom,https://fimgs.net/mdimg/sastojci/m.380.jpg?1598577626
294,Mariposa Lily,https://fimgs.net/mdimg/sastojci/m.1008.jpg?1568169766
295,Mayflower,https://fimgs.net/mdimg/sastojci/m.869.jpg?1598651906
296,Meadowsweet,https://fimgs.net/mdimg/sastojci/m.849.jpg?1517012662
297,Melilotus,https://fimgs.net/mdimg/sastojci/m.612.jpg?1441210121
298,Mignonette,https://fimgs.net/mdimg/sastojci/m.226.jpg?1441234067
299,Mimosa,https://fimgs.net/mdimg/sastojci/m.167.jpg?1441211673
300,Mimusops elengi,https://fimgs.net/mdimg/sastojci/m.740.jpg?1449092981
301,Mirabilis,https://fimgs.net/mdimg/sastojci/m.356.jpg?1441222400
302,Monarda,https://fimgs.net/mdimg/sastojci/m.892.jpg?1533999158
303,Monoi Oil,https://fimgs.net/mdimg/sastojci/m.668.jpg?1588445856
304,Morning Glory Flower,https://fimgs.net/mdimg/sastojci/m.967.jpg?1599067840
305,Myrtle,https://fimgs.net/mdimg/sastojci/m.328.jpg?1441211946
306,Narcissus,https://fimgs.net/mdimg/sastojci/m.18.jpg?1441212348
307,Nasturtium,https://fimgs.net/mdimg/sastojci/m.384.jpg?1441212687
308,Nectarine blossom,https://fimgs.net/mdimg/sastojci/m.635.jpg?1401032481
309,Nerium Oleander,https://fimgs.net/mdimg/sastojci/m.304.jpg?1441222663
310,Nigella,https://fimgs.net/mdimg/sastojci/m.874.jpg?1598639338
311,Night Blooming Jasmine,https://fimgs.net/mdimg/sastojci/m.738.jpg?1587008760
312,Olive flower,https://fimgs.net/mdimg/sastojci/m.427.jpg?1588376877
313,Opium,https://fimgs.net/mdimg/sastojci/m.340.jpg?1587012834
314,Orange Cassia Tree,https://fimgs.net/mdimg/sastojci/m.914.jpg?1542711200
315,Orchard Blossom,https://fimgs.net/mdimg/sastojci/m.1031.jpg?1576180987
316,Orchid,https://fimgs.net/mdimg/sastojci/m.154.jpg?1585632086
317,Orchid Cactus,https://fimgs.net/mdimg/sastojci/m.860.jpg?1518798080
318,Ornithogalum,https://fimgs.net/mdimg/sastojci/m.1068.jpg?1604409488
319,Orris Root,https://fimgs.net/mdimg/sastojci/m.101.jpg?1441243664
320,Osmanthus,https://fimgs.net/mdimg/sastojci/m.10.jpg?1440791367
321,Pansy,https://fimgs.net/mdimg/sastojci/m.425.jpg?1441054456
322,Papaya blossom,https://fimgs.net/mdimg/sastojci/m.448.jpg?1441048919
323,Paramela,https://fimgs.net/mdimg/sastojci/m.792.jpg?1454891073
324,Passion Flower,https://fimgs.net/mdimg/sastojci/m.162.jpg?1440792060
325,Pataqueira,https://fimgs.net/mdimg/sastojci/m.732.jpg?1448823320
326,Peach Blossom,https://fimgs.net/mdimg/sastojci/m.239.jpg?1441046365
327,Pear Blossom,https://fimgs.net/mdimg/sastojci/m.526.jpg?1441047846
328,Pelargonium,https://fimgs.net/mdimg/sastojci/m.287.jpg?1441229872
329,Peony,https://fimgs.net/mdimg/sastojci/m.155.jpg?1441044564
330,Periwinkle,https://fimgs.net/mdimg/sastojci/m.689.jpg?1598658165
331,Petunia,https://fimgs.net/mdimg/sastojci/m.736.jpg?1449023099
332,Phlox,https://fimgs.net/mdimg/sastojci/m.863.jpg?1519698328
333,Pineapple blossom,https://fimgs.net/mdimg/sastojci/m.707.jpg?1598649742
334,Pittosporum,https://fimgs.net/mdimg/sastojci/m.90.jpg?1441231517
335,Plum blossom,https://fimgs.net/mdimg/sastojci/m.385.jpg?1441051920
336,Poinsettia,https://fimgs.net/mdimg/sastojci/m.251.jpg?1441044327
337,Pomegranate Blossom,https://fimgs.net/mdimg/sastojci/m.255.jpg?1441048396
338,Poppy,https://fimgs.net/mdimg/sastojci/m.339.jpg?1441157982
339,Primrose,https://fimgs.net/mdimg/sastojci/m.452.jpg?1441133625
340,Princess Tree (Paulownia),https://fimgs.net/mdimg/sastojci/m.112.jpg?1441435243
341,Privet,https://fimgs.net/mdimg/sastojci/m.354.jpg?1441135804
342,Prunella,https://fimgs.net/mdimg/sastojci/m.510.jpg?1441232798
343,Rangoon creeper,https://fimgs.net/mdimg/sastojci/m.819.jpg?1504332123
344,Raspberry blossom,https://fimgs.net/mdimg/sastojci/m.534.jpg?1441050809
345,Reseda,https://fimgs.net/mdimg/sastojci/m.690.jpg?1441233692
346,Rhododendron,https://fimgs.net/mdimg/sastojci/m.209.jpg?1441234688
347,Rosa rubiginosa,https://fimgs.net/mdimg/sastojci/m.678.jpg?1429648740
348,Rose,https://fimgs.net/mdimg/sastojci/m.105.jpg?1585546136
349,Rose Hip,https://fimgs.net/mdimg/sastojci/m.202.jpg?1585806281
350,Rose Japanese (Hamanasu),https://fimgs.net/mdimg/sastojci/m.352.jpg?1441235979
351,Rose Mallow,https://fimgs.net/mdimg/sastojci/m.241.jpg?1441237590
352,Rosebay Willowherb,https://fimgs.net/mdimg/sastojci/m.642.jpg?1406405809
353,Safflower,https://fimgs.net/mdimg/sastojci/m.113.jpg?1441130415
354,Sainfoins,https://fimgs.net/mdimg/sastojci/m.630.jpg?1441236773
355,Sand Lily,https://fimgs.net/mdimg/sastojci/m.1049.jpg?1591008640
356,Santolina,https://fimgs.net/mdimg/sastojci/m.649.jpg?1598595490
357,Silk Tree Blossom,https://fimgs.net/mdimg/sastojci/m.396.jpg?1441049073
358,Smoketree,https://fimgs.net/mdimg/sastojci/m.1061.jpg?1602119949
359,Snakeroot,https://fimgs.net/mdimg/sastojci/m.968.jpg?1554187047
360,Snowdrops,https://fimgs.net/mdimg/sastojci/m.294.jpg?1441238488
361,Solomon`s seal,https://fimgs.net/mdimg/sastojci/m.658.jpg?1419243056
362,Sophora Toromiro Flower,https://fimgs.net/mdimg/sastojci/m.1067.jpg?1604119459
363,Sour Cherry Blossom,https://fimgs.net/mdimg/sastojci/m.207.jpg?1598663252
364,Spanish Broom,https://fimgs.net/mdimg/sastojci/m.446.jpg?1441044768
365,Spiraea,https://fimgs.net/mdimg/sastojci/m.638.jpg?1598895916
366,St. John's Wort,https://fimgs.net/mdimg/sastojci/m.418.jpg?1441136639
367,Strawberry Flower,https://fimgs.net/mdimg/sastojci/m.1082.jpg?1612752931
368,Strelitzia,https://fimgs.net/mdimg/sastojci/m.283.jpg?1441233430
369,Strobilanthes callosa,https://fimgs.net/mdimg/sastojci/m.1046.jpg?1598598207
370,Sunflower,https://fimgs.net/mdimg/sastojci/m.228.jpg?1441237871
371,Sweet Pea,https://fimgs.net/mdimg/sastojci/m.92.jpg?1441237353
372,Taif Rose,https://fimgs.net/mdimg/sastojci/m.115.jpg?1441236311
373,Tamarisk,https://fimgs.net/mdimg/sastojci/m.773.jpg?1453408624
374,Tobacco blossom,https://fimgs.net/mdimg/sastojci/m.346.jpg?1441049972
375,Trillium,https://fimgs.net/mdimg/sastojci/m.1011.jpg?1569812897
376,Tulip,https://fimgs.net/mdimg/sastojci/m.222.jpg?1441238331
377,Viburnum,https://fimgs.net/mdimg/sastojci/m.1058.jpg?1599009667
378,Violet,https://fimgs.net/mdimg/sastojci/m.116.jpg?1441155792
379,Violet Woodsorrel,https://fimgs.net/mdimg/sastojci/m.433.jpg?1441236550
380,Wallflower,https://fimgs.net/mdimg/sastojci/m.235.jpg?1588396796
381,Water Hyacinth,https://fimgs.net/mdimg/sastojci/m.216.jpg?1441238680
382,Water Lily,https://fimgs.net/mdimg/sastojci/m.30.jpg?1441156152
383,White Ginger Lily,https://fimgs.net/mdimg/sastojci/m.739.jpg?1449030269
384,Wildflowers,https://fimgs.net/mdimg/sastojci/m.379.jpg?1441232570
385,Wisteria,https://fimgs.net/mdimg/sastojci/m.245.jpg?1441129350
386,Wrightia,https://fimgs.net/mdimg/sastojci/m.854.jpg?1599014623
387,Ylang-Ylang,https://fimgs.net/mdimg/sastojci/m.24.jpg?1441239982
388,Yuzu Flower,https://fimgs.net/mdimg/sastojci/m.989.jpg?1558175147
389,Zinnia,https://fimgs.net/mdimg/sastojci/m.891.jpg?1533918768
390,Arum Lily,https://fimgs.net/mdimg/sastojci/m.215.jpg?1441257505
391,Black Locust,https://fimgs.net/mdimg/sastojci/m.296.jpg?1441253242
392,Boronia,https://fimgs.net/mdimg/sastojci/m.118.jpg?1587007313
393,Carissa,https://fimgs.net/mdimg/sastojci/m.555.jpg?1441257677
394,Datura,https://fimgs.net/mdimg/sastojci/m.378.jpg?1441256525
395,Frangipani,https://fimgs.net/mdimg/sastojci/m.151.jpg?1441256912
396,Gardenia,https://fimgs.net/mdimg/sastojci/m.19.jpg?1441257094
397,Grapefruit blossom,https://fimgs.net/mdimg/sastojci/m.527.jpg?1587012058
398,Honeysuckle,https://fimgs.net/mdimg/sastojci/m.86.jpg?1441258870
399,Jasmine,https://fimgs.net/mdimg/sastojci/m.14.jpg?1585604034
400,Karo-Karounde,https://fimgs.net/mdimg/sastojci/m.295.jpg?1441257987
401,Lemon Blossom,https://fimgs.net/mdimg/sastojci/m.281.jpg?1441255469
402,Lily,https://fimgs.net/mdimg/sastojci/m.157.jpg?1441258347
403,Mandarin orange blossom,https://fimgs.net/mdimg/sastojci/m.366.jpg?1441256045
404,Melati,https://fimgs.net/mdimg/sastojci/m.190.jpg?1441258552
405,Mock Orange,https://fimgs.net/mdimg/sastojci/m.602.jpg?1441485480
406,Moon Flower,https://fimgs.net/mdimg/sastojci/m.1055.jpg?1597232404
407,Night Blooming Cereus,https://fimgs.net/mdimg/sastojci/m.338.jpg?1441258151
408,Orange Blossom,https://fimgs.net/mdimg/sastojci/m.16.jpg?1585798043
409,Stephanotis,https://fimgs.net/mdimg/sastojci/m.111.jpg?1441297638
410,Syringa,https://fimgs.net/mdimg/sastojci/m.310.jpg?1585807656
411,Tangerine blossom,https://fimgs.net/mdimg/sastojci/m.353.jpg?1441255761
412,Tiare Flower,https://fimgs.net/mdimg/sastojci/m.148.jpg?1585704783
413,Tuberose,https://fimgs.net/mdimg/sastojci/m.25.jpg?1441485342
414,White Flowers,https://fimgs.net/mdimg/sastojci/m.323.jpg?1441254204
415,White Tobacco,https://fimgs.net/mdimg/sastojci/m.345.jpg?1441253893
416,Agave,https://fimgs.net/mdimg/sastojci/m.608.jpg?1441304655
417,Algae,https://fimgs.net/mdimg/sastojci/m.889.jpg?1598584798
418,Aloe Vera,https://fimgs.net/mdimg/sastojci/m.484.jpg?1441304894
419,Ammophila (beach grass),https://fimgs.net/mdimg/sastojci/m.890.jpg?1598652059
420,Angelica,https://fimgs.net/mdimg/sastojci/m.44.jpg?1442948279
421,Apple Mint,https://fimgs.net/mdimg/sastojci/m.853.jpg?1517339075
422,Arnica,https://fimgs.net/mdimg/sastojci/m.518.jpg?1441305356
423,Artemisia,https://fimgs.net/mdimg/sastojci/m.47.jpg?1441305581
424,Asparagus,https://fimgs.net/mdimg/sastojci/m.621.jpg?1390233430
425,Avocado,https://fimgs.net/mdimg/sastojci/m.270.jpg?1441328713
426,Azolla (Water Fern),https://fimgs.net/mdimg/sastojci/m.963.jpg?1552763462
427,Banana Leaf,https://fimgs.net/mdimg/sastojci/m.124.jpg?1441313605
428,Barley,https://fimgs.net/mdimg/sastojci/m.569.jpg?1598578069
429,Basil,https://fimgs.net/mdimg/sastojci/m.119.jpg?1441305745
430,Bay essence,https://fimgs.net/mdimg/sastojci/m.710.jpg?1438345930
431,Black currant leaf,https://fimgs.net/mdimg/sastojci/m.570.jpg?1355015799
432,Blackberry leaf,https://fimgs.net/mdimg/sastojci/m.618.jpg?1598599309
433,Borage,https://fimgs.net/mdimg/sastojci/m.601.jpg?1372899197
434,Borneol,https://fimgs.net/mdimg/sastojci/m.413.jpg?1441476887
435,Bran,https://fimgs.net/mdimg/sastojci/m.655.jpg?1598593565
436,Buchu or Agathosma,https://fimgs.net/mdimg/sastojci/m.583.jpg?1366851699
437,Bulrush,https://fimgs.net/mdimg/sastojci/m.307.jpg?1441323115
438,Burdock,https://fimgs.net/mdimg/sastojci/m.959.jpg?1551303940
439,Cactus,https://fimgs.net/mdimg/sastojci/m.256.jpg?1441311249
440,Calamus,https://fimgs.net/mdimg/sastojci/m.507.jpg?1441311572
441,Calycanthus,https://fimgs.net/mdimg/sastojci/m.519.jpg?1441299714
442,Cannabis,https://fimgs.net/mdimg/sastojci/m.363.jpg?1441311894
443,Carnation leaves,https://fimgs.net/mdimg/sastojci/m.793.jpg?1454923811
444,Celery,https://fimgs.net/mdimg/sastojci/m.392.jpg?1441329257
445,Celery Seeds,https://fimgs.net/mdimg/sastojci/m.137.jpg?1441329694
446,Centella Asiatica,https://fimgs.net/mdimg/sastojci/m.606.jpg?1441307073
447,Chive,https://fimgs.net/mdimg/sastojci/m.875.jpg?1522859505
448,Cilantro,https://fimgs.net/mdimg/sastojci/m.993.jpg?1559182996
449,Clary Sage,https://fimgs.net/mdimg/sastojci/m.164.jpg?1585687102
450,Coca,https://fimgs.net/mdimg/sastojci/m.1043.jpg?1583132571
451,Creosote Bush,https://fimgs.net/mdimg/sastojci/m.811.jpg?1598600252
452,Crithmum,https://fimgs.net/mdimg/sastojci/m.808.jpg?1598650524
453,Davana,https://fimgs.net/mdimg/sastojci/m.907.jpg?1587004031
454,Dried Fallen Leaves,https://fimgs.net/mdimg/sastojci/m.913.jpg?1541388199
455,Earl Grey Tea,https://fimgs.net/mdimg/sastojci/m.733.jpg?1598588835
456,Fern,https://fimgs.net/mdimg/sastojci/m.258.jpg?1598561646
457,Galbanum,https://fimgs.net/mdimg/sastojci/m.45.jpg?1441304052
458,Genmaicha,https://fimgs.net/mdimg/sastojci/m.786.jpg?1454008531
459,Ginkgo,https://fimgs.net/mdimg/sastojci/m.688.jpg?1441310465
460,Ginseng,https://fimgs.net/mdimg/sastojci/m.374.jpg?1441328388
461,Grape leaves,https://fimgs.net/mdimg/sastojci/m.695.jpg?1578773021
462,Grass,https://fimgs.net/mdimg/sastojci/m.277.jpg?1440793449
463,Green Notes,https://fimgs.net/mdimg/sastojci/m.318.jpg?1441328078
464,Green Pepper,https://fimgs.net/mdimg/sastojci/m.488.jpg?1441327693
465,Green Sap,https://fimgs.net/mdimg/sastojci/m.897.jpg?1598594270
466,Gromwell,https://fimgs.net/mdimg/sastojci/m.626.jpg?1441310599
467,Guao or Maiden Plum,https://fimgs.net/mdimg/sastojci/m.812.jpg?1502102161
468,Hay,https://fimgs.net/mdimg/sastojci/m.395.jpg?1441324649
469,Henna,https://fimgs.net/mdimg/sastojci/m.741.jpg?1449093578
470,Hops,https://fimgs.net/mdimg/sastojci/m.572.jpg?1359079881
471,Horseweed,https://fimgs.net/mdimg/sastojci/m.947.jpg?1598892060
472,Immortelle,https://fimgs.net/mdimg/sastojci/m.12.jpg?1441299615
473,Ivy,https://fimgs.net/mdimg/sastojci/m.192.jpg?1441306193
474,Jatamansi or Spikenard,https://fimgs.net/mdimg/sastojci/m.108.jpg?1441311053
475,Juniper,https://fimgs.net/mdimg/sastojci/m.142.jpg?1441302914
476,Juniper Berries,https://fimgs.net/mdimg/sastojci/m.143.jpg?1441328924
477,Katrafay,https://fimgs.net/mdimg/sastojci/m.715.jpg?1598591720
478,Katsura leaf,https://fimgs.net/mdimg/sastojci/m.698.jpg?1598722736
479,Khella,https://fimgs.net/mdimg/sastojci/m.683.jpg?1441311724
480,Laminaria,https://fimgs.net/mdimg/sastojci/m.824.jpg?1598725462
481,Lantana leaf,https://fimgs.net/mdimg/sastojci/m.537.jpg?1441314395
482,Lapsang Souchong Tea,https://fimgs.net/mdimg/sastojci/m.1071.jpg?1606158681
483,Lily Of the Valley Leaves,https://fimgs.net/mdimg/sastojci/m.975.jpg?1556735957
484,Limnophila aromatica,https://fimgs.net/mdimg/sastojci/m.545.jpg?1441313166
485,Linaloe berry,https://fimgs.net/mdimg/sastojci/m.684.jpg?1441313371
486,Lovage Root,https://fimgs.net/mdimg/sastojci/m.1026.jpg?1574534953
487,Marigold,https://fimgs.net/mdimg/sastojci/m.153.jpg?1441302214
488,Marjoram,https://fimgs.net/mdimg/sastojci/m.260.jpg?1441316933
489,Matcha Tea,https://fimgs.net/mdimg/sastojci/m.1001.jpg?1562955218
490,Mate,https://fimgs.net/mdimg/sastojci/m.48.jpg?1441317171
491,Melilot or Sweet Clover,https://fimgs.net/mdimg/sastojci/m.571.jpg?1359079299
492,Mint,https://fimgs.net/mdimg/sastojci/m.160.jpg?1585628390
493,Mistletoe,https://fimgs.net/mdimg/sastojci/m.516.jpg?1598594985
494,Nettle,https://fimgs.net/mdimg/sastojci/m.248.jpg?1441312041
495,Nut Grass,https://fimgs.net/mdimg/sastojci/m.1069.jpg?1605209081
496,Oak Leaves,https://fimgs.net/mdimg/sastojci/m.1013.jpg?1571810757
497,Oat,https://fimgs.net/mdimg/sastojci/m.848.jpg?1517011276
498,Olive Leaf,https://fimgs.net/mdimg/sastojci/m.264.jpg?1441315101
499,Oolong tea,https://fimgs.net/mdimg/sastojci/m.713.jpg?1598578276
500,Orchid Leaf,https://fimgs.net/mdimg/sastojci/m.994.jpg?1559184226
501,Oregano,https://fimgs.net/mdimg/sastojci/m.386.jpg?1441329549
502,Palm leaf,https://fimgs.net/mdimg/sastojci/m.389.jpg?1441315323
503,Palmarosa,https://fimgs.net/mdimg/sastojci/m.508.jpg?1441318328
504,Pandanus,https://fimgs.net/mdimg/sastojci/m.408.jpg?1588392884
505,Parsley,https://fimgs.net/mdimg/sastojci/m.796.jpg?1455199438
506,Peach Leaf,https://fimgs.net/mdimg/sastojci/m.934.jpg?1598661672
507,Pear Leaf,https://fimgs.net/mdimg/sastojci/m.372.jpg?1441314004
508,Polygonum,https://fimgs.net/mdimg/sastojci/m.1000.jpg?1562363271
509,Portulaca or Pigweed,https://fimgs.net/mdimg/sastojci/m.587.jpg?1368234245
510,Red Algae,https://fimgs.net/mdimg/sastojci/m.704.jpg?1436694417
511,Reed,https://fimgs.net/mdimg/sastojci/m.383.jpg?1441325922
512,Rice,https://fimgs.net/mdimg/sastojci/m.208.jpg?1441322841
513,Rooibos Red Tea,https://fimgs.net/mdimg/sastojci/m.441.jpg?1588396252
514,Rose Leaf,https://fimgs.net/mdimg/sastojci/m.949.jpg?1598597784
515,Rose Thorn,https://fimgs.net/mdimg/sastojci/m.873.jpg?1521746547
516,Rosemary,https://fimgs.net/mdimg/sastojci/m.49.jpg?1441323401
517,Rue,https://fimgs.net/mdimg/sastojci/m.841.jpg?1516132456
518,Rumex,https://fimgs.net/mdimg/sastojci/m.795.jpg?1455197571
519,Rye,https://fimgs.net/mdimg/sastojci/m.847.jpg?1517010401
520,Sage,https://fimgs.net/mdimg/sastojci/m.52.jpg?1441327314
521,Satureja,https://fimgs.net/mdimg/sastojci/m.541.jpg?1441323692
522,Saw palmetto,https://fimgs.net/mdimg/sastojci/m.685.jpg?1598722432
523,Seaweed,https://fimgs.net/mdimg/sastojci/m.409.jpg?1441317386
524,Shiso,https://fimgs.net/mdimg/sastojci/m.492.jpg?1441325444
525,"Sideritis, Mountain tea",https://fimgs.net/mdimg/sastojci/m.559.jpg?1441324968
526,Silk Vine or Milk Broom,https://fimgs.net/mdimg/sastojci/m.525.jpg?1441325220
527,Skunk Cabbage,https://fimgs.net/mdimg/sastojci/m.493.jpg?1441597246
528,Snake Plant,https://fimgs.net/mdimg/sastojci/m.1040.jpg?1582235234
529,Spinach,https://fimgs.net/mdimg/sastojci/m.815.jpg?1503322424
530,Strawberry Leaf,https://fimgs.net/mdimg/sastojci/m.262.jpg?1441313800
531,Sundew,https://fimgs.net/mdimg/sastojci/m.951.jpg?1598892725
532,Sweet Grass,https://fimgs.net/mdimg/sastojci/m.943.jpg?1598644269
533,Tansy,https://fimgs.net/mdimg/sastojci/m.910.jpg?1539659141
534,Tarragon,https://fimgs.net/mdimg/sastojci/m.93.jpg?1441390685
535,Tea,https://fimgs.net/mdimg/sastojci/m.106.jpg?1441306652
536,Thistle,https://fimgs.net/mdimg/sastojci/m.590.jpg?1368235700
537,Thyme,https://fimgs.net/mdimg/sastojci/m.97.jpg?1441316528
538,Ti Leaf (Cordyline),https://fimgs.net/mdimg/sastojci/m.904.jpg?1599020748
539,Tobacco,https://fimgs.net/mdimg/sastojci/m.96.jpg?1441310155
540,Tomato Leaf,https://fimgs.net/mdimg/sastojci/m.253.jpg?1441315961
541,Tulsi,https://fimgs.net/mdimg/sastojci/m.474.jpg?1441326462
542,Turnera diffusa (Damiana),https://fimgs.net/mdimg/sastojci/m.770.jpg?1598724328
543,Valerian,https://fimgs.net/mdimg/sastojci/m.582.jpg?1366851352
544,Vine,https://fimgs.net/mdimg/sastojci/m.449.jpg?1441326855
545,Violet Leaf,https://fimgs.net/mdimg/sastojci/m.127.jpg?1441314824
546,Wheat,https://fimgs.net/mdimg/sastojci/m.387.jpg?1441322083
547,Wintergreen,https://fimgs.net/mdimg/sastojci/m.1054.jpg?1596423736
548,Wormwood,https://fimgs.net/mdimg/sastojci/m.369.jpg?1441321912
549,Yarrow,https://fimgs.net/mdimg/sastojci/m.681.jpg?1441327077
550,Yunnan Red Tea,https://fimgs.net/mdimg/sastojci/m.442.jpg?1598663766
551,Allspice,https://fimgs.net/mdimg/sastojci/m.122.jpg?1441336153
552,Anise,https://fimgs.net/mdimg/sastojci/m.393.jpg?1441335086
553,Asafoetida,https://fimgs.net/mdimg/sastojci/m.278.jpg?1441335615
554,Bay Leaf,https://fimgs.net/mdimg/sastojci/m.128.jpg?1441341655
555,Cacao Pod,https://fimgs.net/mdimg/sastojci/m.135.jpg?1441339904
556,Caraway,https://fimgs.net/mdimg/sastojci/m.121.jpg?1441341021
557,Cardamom,https://fimgs.net/mdimg/sastojci/m.63.jpg?1441340422
558,Cassia,https://fimgs.net/mdimg/sastojci/m.60.jpg?1441340624
559,Chutney,https://fimgs.net/mdimg/sastojci/m.498.jpg?1441337263
560,Cinnamon,https://fimgs.net/mdimg/sastojci/m.65.jpg?1441337754
561,Cinnamon Leaf,https://fimgs.net/mdimg/sastojci/m.868.jpg?1520563698
562,Clove Leaf,https://fimgs.net/mdimg/sastojci/m.911.jpg?1598642648
563,Cloves,https://fimgs.net/mdimg/sastojci/m.61.jpg?1441340157
564,Coffee,https://fimgs.net/mdimg/sastojci/m.139.jpg?1441340808
565,Coriander,https://fimgs.net/mdimg/sastojci/m.64.jpg?1441341227
566,Cubeb or Tailed pepper,https://fimgs.net/mdimg/sastojci/m.588.jpg?1368234769
567,Cumin,https://fimgs.net/mdimg/sastojci/m.549.jpg?1441337950
568,Curcuma (Turmeric),https://fimgs.net/mdimg/sastojci/m.308.jpg?1441341404
569,Curry tree,https://fimgs.net/mdimg/sastojci/m.417.jpg?1441330104
570,Dill,https://fimgs.net/mdimg/sastojci/m.240.jpg?1441341989
571,Fennel,https://fimgs.net/mdimg/sastojci/m.398.jpg?1441335390
572,Fenugreek,https://fimgs.net/mdimg/sastojci/m.475.jpg?1441338398
573,Galanga,https://fimgs.net/mdimg/sastojci/m.88.jpg?1441338713
574,Ginger,https://fimgs.net/mdimg/sastojci/m.62.jpg?1441338246
575,Indian Spices,https://fimgs.net/mdimg/sastojci/m.322.jpg?1441339269
576,Japanese pepper,https://fimgs.net/mdimg/sastojci/m.603.jpg?1441339503
577,Licorice,https://fimgs.net/mdimg/sastojci/m.195.jpg?1441344854
578,Mace,https://fimgs.net/mdimg/sastojci/m.538.jpg?1441341846
579,Mustard Seed,https://fimgs.net/mdimg/sastojci/m.851.jpg?1517019446
580,Nutmeg,https://fimgs.net/mdimg/sastojci/m.59.jpg?1441342168
581,Oily Notes,https://fimgs.net/mdimg/sastojci/m.731.jpg?1448753195
582,Oriental notes,https://fimgs.net/mdimg/sastojci/m.483.jpg?1598559500
583,Pepper,https://fimgs.net/mdimg/sastojci/m.158.jpg?1441335976
584,Peppertree,https://fimgs.net/mdimg/sastojci/m.753.jpg?1499772285
585,Pimento,https://fimgs.net/mdimg/sastojci/m.159.jpg?1441342330
586,Pimento Leaf,https://fimgs.net/mdimg/sastojci/m.978.jpg?1557283346
587,Pimento Seeds,https://fimgs.net/mdimg/sastojci/m.940.jpg?1547936755
588,Pink Pepper,https://fimgs.net/mdimg/sastojci/m.91.jpg?1441343779
589,Priprioca,https://fimgs.net/mdimg/sastojci/m.729.jpg?1598580496
590,Saffron,https://fimgs.net/mdimg/sastojci/m.55.jpg?1441344447
591,Safraleine,https://fimgs.net/mdimg/sastojci/m.349.jpg?1598646802
592,Sesame,https://fimgs.net/mdimg/sastojci/m.290.jpg?1441345137
593,Sichuan Pepper,https://fimgs.net/mdimg/sastojci/m.213.jpg?1441344685
594,Spicy Notes,https://fimgs.net/mdimg/sastojci/m.321.jpg?1585627858
595,Star Anise,https://fimgs.net/mdimg/sastojci/m.100.jpg?1441335226
596,Sumac,https://fimgs.net/mdimg/sastojci/m.631.jpg?1398814481
597,Tamarind,https://fimgs.net/mdimg/sastojci/m.233.jpg?1441345325
598,Timur,https://fimgs.net/mdimg/sastojci/m.1070.jpg?1605567007
599,Tonka Bean,https://fimgs.net/mdimg/sastojci/m.73.jpg?1441345440
600,Toscanol,https://fimgs.net/mdimg/sastojci/m.350.jpg?1441303551
601,Vanilla,https://fimgs.net/mdimg/sastojci/m.74.jpg?1441420817
602,Wan Sao Lhong,https://fimgs.net/mdimg/sastojci/m.1024.jpg?1574488277
603,Wasabi,https://fimgs.net/mdimg/sastojci/m.662.jpg?1598595667
604,Water pepper,https://fimgs.net/mdimg/sastojci/m.585.jpg?1368232620
605,West Indian Bay,https://fimgs.net/mdimg/sastojci/m.129.jpg?1441339055
606,Acetyl Furan,https://fimgs.net/mdimg/sastojci/m.829.jpg?1512157031
607,Agave nectar,https://fimgs.net/mdimg/sastojci/m.888.jpg?1598660644
608,Biscuit,https://fimgs.net/mdimg/sastojci/m.574.jpg?1361412985
609,Bread,https://fimgs.net/mdimg/sastojci/m.623.jpg?1392759824
610,Brioche,https://fimgs.net/mdimg/sastojci/m.818.jpg?1504315570
611,Brown sugar,https://fimgs.net/mdimg/sastojci/m.521.jpg?1441398741
612,Bubble Gum,https://fimgs.net/mdimg/sastojci/m.884.jpg?1598586208
613,Butter,https://fimgs.net/mdimg/sastojci/m.580.jpg?1366830004
614,Butterscotch,https://fimgs.net/mdimg/sastojci/m.832.jpg?1513370819
615,Calissons d'Aix,https://fimgs.net/mdimg/sastojci/m.1062.jpg?1602250394
616,Candied Fruits,https://fimgs.net/mdimg/sastojci/m.948.jpg?1550263982
617,Candied Ginger,https://fimgs.net/mdimg/sastojci/m.946.jpg?1549308056
618,Candied Orange,https://fimgs.net/mdimg/sastojci/m.646.jpg?1441391116
619,Candies,https://fimgs.net/mdimg/sastojci/m.316.jpg?1585705874
620,Canelé,https://fimgs.net/mdimg/sastojci/m.754.jpg?1452250722
621,Caramel,https://fimgs.net/mdimg/sastojci/m.183.jpg?1441392265
622,Coconut Pie,https://fimgs.net/mdimg/sastojci/m.931.jpg?1598597590
623,Confetti (Sugared Almonds),https://fimgs.net/mdimg/sastojci/m.1051.jpg?1591031482
624,Cookie,https://fimgs.net/mdimg/sastojci/m.945.jpg?1588395325
625,Cotton Candy,https://fimgs.net/mdimg/sastojci/m.237.jpg?1441397940
626,Cream,https://fimgs.net/mdimg/sastojci/m.454.jpg?1441398074
627,Crème brûlée,https://fimgs.net/mdimg/sastojci/m.495.jpg?1441392727
628,Croissant,https://fimgs.net/mdimg/sastojci/m.405.jpg?1441391370
629,Cupcake,https://fimgs.net/mdimg/sastojci/m.504.jpg?1441392019
630,Custard,https://fimgs.net/mdimg/sastojci/m.517.jpg?1588393262
631,Dark Chocolate,https://fimgs.net/mdimg/sastojci/m.136.jpg?1441474981
632,Dates,https://fimgs.net/mdimg/sastojci/m.355.jpg?1441406079
633,Dulce de leche,https://fimgs.net/mdimg/sastojci/m.575.jpg?1362166965
634,French pastries,https://fimgs.net/mdimg/sastojci/m.598.jpg?1598570673
635,Frosting [Glacé],https://fimgs.net/mdimg/sastojci/m.745.jpg?1598568686
636,Gianduia,https://fimgs.net/mdimg/sastojci/m.974.jpg?1556697077
637,Gingerbread,https://fimgs.net/mdimg/sastojci/m.535.jpg?1441395510
638,Halva,https://fimgs.net/mdimg/sastojci/m.834.jpg?1514664059
639,Hazelnut cocoa spread,https://fimgs.net/mdimg/sastojci/m.813.jpg?1502104877
640,Honey,https://fimgs.net/mdimg/sastojci/m.181.jpg?1441599281
641,Honeycomb,https://fimgs.net/mdimg/sastojci/m.1042.jpg?1583058681
642,Horchata,https://fimgs.net/mdimg/sastojci/m.636.jpg?1441389703
643,Ice cream,https://fimgs.net/mdimg/sastojci/m.599.jpg?1588381878
644,Icing pink,https://fimgs.net/mdimg/sastojci/m.653.jpg?1416305190
645,Jelly,https://fimgs.net/mdimg/sastojci/m.1072.jpg?1612532067
646,Kulfi,https://fimgs.net/mdimg/sastojci/m.661.jpg?1598599598
647,Loukhoum,https://fimgs.net/mdimg/sastojci/m.694.jpg?1598587925
648,Macarons,https://fimgs.net/mdimg/sastojci/m.451.jpg?1441394246
649,Maple syrup,https://fimgs.net/mdimg/sastojci/m.447.jpg?1441390177
650,Maraschino Cherry,https://fimgs.net/mdimg/sastojci/m.781.jpg?1453759966
651,Marmalade,https://fimgs.net/mdimg/sastojci/m.268.jpg?1441395003
652,Marron glacé,https://fimgs.net/mdimg/sastojci/m.391.jpg?1441391776
653,Marshmallow,https://fimgs.net/mdimg/sastojci/m.236.jpg?1441395274
654,Marzipan,https://fimgs.net/mdimg/sastojci/m.232.jpg?1441394756
655,Meringues,https://fimgs.net/mdimg/sastojci/m.453.jpg?1441397060
656,Milk Mousse,https://fimgs.net/mdimg/sastojci/m.568.jpg?1441395916
657,Molasses,https://fimgs.net/mdimg/sastojci/m.768.jpg?1598596136
658,Nougat,https://fimgs.net/mdimg/sastojci/m.437.jpg?1441396165
659,Panettone,https://fimgs.net/mdimg/sastojci/m.1059.jpg?1599594126
660,Panna cotta,https://fimgs.net/mdimg/sastojci/m.500.jpg?1441396535
661,Pear Ice Cream,https://fimgs.net/mdimg/sastojci/m.806.jpg?1499661975
662,Popcorn,https://fimgs.net/mdimg/sastojci/m.250.jpg?1441392484
663,Praline,https://fimgs.net/mdimg/sastojci/m.198.jpg?1441396862
664,Profiterole,https://fimgs.net/mdimg/sastojci/m.757.jpg?1499772383
665,Rainbow Sorbet,https://fimgs.net/mdimg/sastojci/m.584.jpg?1367657777
666,Rice Pudding,https://fimgs.net/mdimg/sastojci/m.944.jpg?1598652360
667,Rose Jam,https://fimgs.net/mdimg/sastojci/m.1002.jpg?1598655509
668,Sorbet,https://fimgs.net/mdimg/sastojci/m.643.jpg?1441399118
669,Spun sugar,https://fimgs.net/mdimg/sastojci/m.530.jpg?1441405137
670,Strawberry Syrup,https://fimgs.net/mdimg/sastojci/m.932.jpg?1598652214
671,Sugar,https://fimgs.net/mdimg/sastojci/m.200.jpg?1441397680
672,Tiramisu,https://fimgs.net/mdimg/sastojci/m.906.jpg?1598597329
673,Toffee,https://fimgs.net/mdimg/sastojci/m.434.jpg?1441405597
674,Waffle,https://fimgs.net/mdimg/sastojci/m.1079.jpg?1612582477
675,White Chocolate,https://fimgs.net/mdimg/sastojci/m.168.jpg?1441390471
676,Yogurt,https://fimgs.net/mdimg/sastojci/m.970.jpg?1554396783
677,Zefir,https://fimgs.net/mdimg/sastojci/m.1056.jpg?1597265902
678,Agarwood (Oud),https://fimgs.net/mdimg/sastojci/m.114.jpg?1441409728
679,Akigalawood,https://fimgs.net/mdimg/sastojci/m.697.jpg?1436078673
680,Alder,https://fimgs.net/mdimg/sastojci/m.900.jpg?1536380612
681,Almond tree,https://fimgs.net/mdimg/sastojci/m.327.jpg?1441418056
682,Amaranth,https://fimgs.net/mdimg/sastojci/m.619.jpg?1441566019
683,Amyris,https://fimgs.net/mdimg/sastojci/m.416.jpg?1585721448
684,Apple Tree,https://fimgs.net/mdimg/sastojci/m.284.jpg?1441419301
685,Araucaria,https://fimgs.net/mdimg/sastojci/m.573.jpg?1359080230
686,"Arbutus (Madrona, Bearberry tree)",https://fimgs.net/mdimg/sastojci/m.771.jpg?1598897426
687,Argan Tree,https://fimgs.net/mdimg/sastojci/m.955.jpg?1598892987
688,Aspen,https://fimgs.net/mdimg/sastojci/m.613.jpg?1598664701
689,Bamboo,https://fimgs.net/mdimg/sastojci/m.42.jpg?1441411639
690,Baobab,https://fimgs.net/mdimg/sastojci/m.703.jpg?1436694106
691,Bark,https://fimgs.net/mdimg/sastojci/m.709.jpg?1437651520
692,Beech,https://fimgs.net/mdimg/sastojci/m.586.jpg?1368233789
693,Belambra tree,https://fimgs.net/mdimg/sastojci/m.641.jpg?1598657343
694,Birch,https://fimgs.net/mdimg/sastojci/m.31.jpg?1441413482
695,Black hemlock or Tsuga,https://fimgs.net/mdimg/sastojci/m.565.jpg?1441412584
696,Black Spruce,https://fimgs.net/mdimg/sastojci/m.478.jpg?1441416373
697,Blackwood,https://fimgs.net/mdimg/sastojci/m.494.jpg?1441416641
698,Brazilian Rosewood,https://fimgs.net/mdimg/sastojci/m.110.jpg?1441434485
699,Buddha Wood,https://fimgs.net/mdimg/sastojci/m.821.jpg?1505577670
700,Buxus,https://fimgs.net/mdimg/sastojci/m.333.jpg?1441436969
701,Cabreuva,https://fimgs.net/mdimg/sastojci/m.611.jpg?1441414692
702,Cambodian Oud,https://fimgs.net/mdimg/sastojci/m.762.jpg?1452623568
703,Canadian Balsam,https://fimgs.net/mdimg/sastojci/m.70.jpg?1441480913
704,Carob tree,https://fimgs.net/mdimg/sastojci/m.430.jpg?1440792489
705,Cascarilla,https://fimgs.net/mdimg/sastojci/m.1048.jpg?1587170775
706,Cashmir wood,https://fimgs.net/mdimg/sastojci/m.343.jpg?1585685961
707,Cedar,https://fimgs.net/mdimg/sastojci/m.41.jpg?1442946072
708,Chalood Bark,https://fimgs.net/mdimg/sastojci/m.1025.jpg?1574490112
709,Cherry Tree,https://fimgs.net/mdimg/sastojci/m.985.jpg?1558139993
710,Clearwood,https://fimgs.net/mdimg/sastojci/m.816.jpg?1598578576
711,Cocobolo,https://fimgs.net/mdimg/sastojci/m.302.jpg?1441415634
712,Coffee Tree,https://fimgs.net/mdimg/sastojci/m.1014.jpg?1572236676
713,Cork,https://fimgs.net/mdimg/sastojci/m.769.jpg?1453391980
714,Cottonwood (Poplar),https://fimgs.net/mdimg/sastojci/m.718.jpg?1598591913
715,Cypress,https://fimgs.net/mdimg/sastojci/m.186.jpg?1441415016
716,Cypriol Oil or Nagarmotha,https://fimgs.net/mdimg/sastojci/m.406.jpg?1441417147
717,Driftwood,https://fimgs.net/mdimg/sastojci/m.503.jpg?1441417376
718,Dry Wood,https://fimgs.net/mdimg/sastojci/m.1012.jpg?1570812280
719,Ebony tree,https://fimgs.net/mdimg/sastojci/m.331.jpg?1585724023
720,Eucalyptus,https://fimgs.net/mdimg/sastojci/m.149.jpg?1441422426
721,Fig tree,https://fimgs.net/mdimg/sastojci/m.431.jpg?1441420490
722,Fir,https://fimgs.net/mdimg/sastojci/m.205.jpg?1441429624
723,Grass Tree,https://fimgs.net/mdimg/sastojci/m.1033.jpg?1578780568
724,Guaiac Wood,https://fimgs.net/mdimg/sastojci/m.36.jpg?1441418826
725,Hinoki Wood,https://fimgs.net/mdimg/sastojci/m.32.jpg?1441426631
726,Ho Wood,https://fimgs.net/mdimg/sastojci/m.898.jpg?1536377583
727,Incienso,https://fimgs.net/mdimg/sastojci/m.893.jpg?1534002453
728,Indian Oud,https://fimgs.net/mdimg/sastojci/m.759.jpg?1452623282
729,Indian woods,https://fimgs.net/mdimg/sastojci/m.807.jpg?1499963596
730,"Ishpink, Ocotea quixos",https://fimgs.net/mdimg/sastojci/m.1021.jpg?1573438620
731,Kowhai,https://fimgs.net/mdimg/sastojci/m.784.jpg?1453921406
732,Laotian Oud,https://fimgs.net/mdimg/sastojci/m.760.jpg?1452623439
733,Larch,https://fimgs.net/mdimg/sastojci/m.360.jpg?1441410701
734,Lichen,https://fimgs.net/mdimg/sastojci/m.667.jpg?1588395565
735,Mahogany,https://fimgs.net/mdimg/sastojci/m.43.jpg?1441432253
736,Manuka,https://fimgs.net/mdimg/sastojci/m.470.jpg?1441432606
737,Maple,https://fimgs.net/mdimg/sastojci/m.305.jpg?1441428666
738,Massoia,https://fimgs.net/mdimg/sastojci/m.229.jpg?1441432883
739,Mesquite Wood,https://fimgs.net/mdimg/sastojci/m.1016.jpg?1599069052
740,Muhuhu,https://fimgs.net/mdimg/sastojci/m.506.jpg?1441433499
741,Neem,https://fimgs.net/mdimg/sastojci/m.361.jpg?1441419980
742,Nootka,https://fimgs.net/mdimg/sastojci/m.969.jpg?1554260627
743,Oak,https://fimgs.net/mdimg/sastojci/m.326.jpg?1441427429
744,Oakmoss,https://fimgs.net/mdimg/sastojci/m.39.jpg?1441428123
745,Olive Tree,https://fimgs.net/mdimg/sastojci/m.265.jpg?1441419749
746,Palisander Rosewood,https://fimgs.net/mdimg/sastojci/m.38.jpg?1441434513
747,Palo Santo,https://fimgs.net/mdimg/sastojci/m.597.jpg?1371351090
748,Paperbark,https://fimgs.net/mdimg/sastojci/m.359.jpg?1598594630
749,Papyrus,https://fimgs.net/mdimg/sastojci/m.206.jpg?1441475921
750,Patchouli,https://fimgs.net/mdimg/sastojci/m.34.jpg?1585605961
751,Pear Tree,https://fimgs.net/mdimg/sastojci/m.371.jpg?1441419495
752,Pepperwood or Hercules Club,https://fimgs.net/mdimg/sastojci/m.594.jpg?1368387130
753,Pine Tree,https://fimgs.net/mdimg/sastojci/m.204.jpg?1441412950
754,Plum Tree,https://fimgs.net/mdimg/sastojci/m.306.jpg?1441420256
755,Pua keni keni (Pua-lulu),https://fimgs.net/mdimg/sastojci/m.905.jpg?1537192877
756,Ravenala,https://fimgs.net/mdimg/sastojci/m.1017.jpg?1599069231
757,Ravensara,https://fimgs.net/mdimg/sastojci/m.595.jpg?1368725383
758,Red Willow,https://fimgs.net/mdimg/sastojci/m.952.jpg?1599067270
759,Saman,https://fimgs.net/mdimg/sastojci/m.903.jpg?1599020575
760,Sandalwood,https://fimgs.net/mdimg/sastojci/m.33.jpg?1585604701
761,Satinwood,https://fimgs.net/mdimg/sastojci/m.332.jpg?1598663571
762,Sequoia,https://fimgs.net/mdimg/sastojci/m.309.jpg?1441436192
763,Siam,https://fimgs.net/mdimg/sastojci/m.334.jpg?1441436535
764,Spruce,https://fimgs.net/mdimg/sastojci/m.481.jpg?1441437223
765,Sycamore,https://fimgs.net/mdimg/sastojci/m.487.jpg?1441436766
766,Takamaka,https://fimgs.net/mdimg/sastojci/m.1006.jpg?1598655787
767,Teak Wood,https://fimgs.net/mdimg/sastojci/m.266.jpg?1441421430
768,Thailand Oud,https://fimgs.net/mdimg/sastojci/m.761.jpg?1588395132
769,Thuja,https://fimgs.net/mdimg/sastojci/m.394.jpg?1441437650
770,Vetiver,https://fimgs.net/mdimg/sastojci/m.2.jpg?1585606934
771,White Oud,https://fimgs.net/mdimg/sastojci/m.777.jpg?1453504456
772,White Willow,https://fimgs.net/mdimg/sastojci/m.852.jpg?1517337438
773,Woody Notes,https://fimgs.net/mdimg/sastojci/m.315.jpg?1441417643
774,Yohimbe,https://fimgs.net/mdimg/sastojci/m.687.jpg?1441475210
775,Amberwood,https://fimgs.net/mdimg/sastojci/m.691.jpg?1435244084
776,Balsamic Vinegar,https://fimgs.net/mdimg/sastojci/m.622.jpg?1441484611
777,Benzoin,https://fimgs.net/mdimg/sastojci/m.69.jpg?1441476588
778,Birch Tar,https://fimgs.net/mdimg/sastojci/m.862.jpg?1598565712
779,Breu-Branco,https://fimgs.net/mdimg/sastojci/m.728.jpg?1448751894
780,Bushman Candle,https://fimgs.net/mdimg/sastojci/m.865.jpg?1519946618
781,Cade oil,https://fimgs.net/mdimg/sastojci/m.810.jpg?1501960377
782,Choya Loban,https://fimgs.net/mdimg/sastojci/m.476.jpg?1441478042
783,Choya Nakh,https://fimgs.net/mdimg/sastojci/m.838.jpg?1515712497
784,Choya Ral,https://fimgs.net/mdimg/sastojci/m.840.jpg?1598650867
785,Coal Tar,https://fimgs.net/mdimg/sastojci/m.941.jpg?1598810345
786,Copahu Balm,https://fimgs.net/mdimg/sastojci/m.407.jpg?1598566605
787,Copaiba balm,https://fimgs.net/mdimg/sastojci/m.714.jpg?1588374593
788,Copal,https://fimgs.net/mdimg/sastojci/m.542.jpg?1441478743
789,Dragon Blood Resin,https://fimgs.net/mdimg/sastojci/m.850.jpg?1517016324
790,Elemi,https://fimgs.net/mdimg/sastojci/m.390.jpg?1441479796
791,Gurjun balsam,https://fimgs.net/mdimg/sastojci/m.536.jpg?1441480658
792,Incense,https://fimgs.net/mdimg/sastojci/m.68.jpg?1441486516
793,Labdanum,https://fimgs.net/mdimg/sastojci/m.15.jpg?1585615078
794,Mastic or Lentisque,https://fimgs.net/mdimg/sastojci/m.471.jpg?1441481157
795,Mopane,https://fimgs.net/mdimg/sastojci/m.716.jpg?1443207198
796,Myrica,https://fimgs.net/mdimg/sastojci/m.899.jpg?1536380127
797,Myrrh,https://fimgs.net/mdimg/sastojci/m.98.jpg?1441481512
798,Nag Champa,https://fimgs.net/mdimg/sastojci/m.962.jpg?1552625278
799,Olibanum (Frankincense),https://fimgs.net/mdimg/sastojci/m.95.jpg?1441481781
800,Opoponax,https://fimgs.net/mdimg/sastojci/m.37.jpg?1441482151
801,Peru Balsam,https://fimgs.net/mdimg/sastojci/m.72.jpg?1441482577
802,Poplar (Populus) buds,https://fimgs.net/mdimg/sastojci/m.540.jpg?1441049329
803,Resins,https://fimgs.net/mdimg/sastojci/m.317.jpg?1441482972
804,Rubber,https://fimgs.net/mdimg/sastojci/m.942.jpg?1598592542
805,Styrax,https://fimgs.net/mdimg/sastojci/m.67.jpg?1585700727
806,Surf wax,https://fimgs.net/mdimg/sastojci/m.656.jpg?1598721520
807,Tea Tree Oil,https://fimgs.net/mdimg/sastojci/m.861.jpg?1598660524
808,Amber,https://fimgs.net/mdimg/sastojci/m.54.jpg?1442952354
809,Amber Xtreme,https://fimgs.net/mdimg/sastojci/m.879.jpg?1523870239
810,Ambergris,https://fimgs.net/mdimg/sastojci/m.524.jpg?1442952689
811,Ambertonic™ (IFF),https://fimgs.net/mdimg/sastojci/m.837.jpg?1515594682
812,Ambrarome,https://fimgs.net/mdimg/sastojci/m.562.jpg?1441566748
813,Ambretone,https://fimgs.net/mdimg/sastojci/m.351.jpg?1442962003
814,Ambrette (Musk Mallow),https://fimgs.net/mdimg/sastojci/m.107.jpg?1442947690
815,Ambrettolide,https://fimgs.net/mdimg/sastojci/m.919.jpg?1598661105
816,Ambrocenide (Symrise),https://fimgs.net/mdimg/sastojci/m.822.jpg?1515598905
817,Ambroxan,https://fimgs.net/mdimg/sastojci/m.563.jpg?1543368733
818,Animal notes,https://fimgs.net/mdimg/sastojci/m.794.jpg?1454949679
819,Aspic,https://fimgs.net/mdimg/sastojci/m.763.jpg?1452654337
820,Bacon,https://fimgs.net/mdimg/sastojci/m.514.jpg?1441597472
821,BBQ,https://fimgs.net/mdimg/sastojci/m.515.jpg?1441597778
822,Beeswax,https://fimgs.net/mdimg/sastojci/m.53.jpg?1442960316
823,Carrot Seeds,https://fimgs.net/mdimg/sastojci/m.276.jpg?1442950321
824,Castoreum,https://fimgs.net/mdimg/sastojci/m.102.jpg?1442955438
825,Caviar,https://fimgs.net/mdimg/sastojci/m.432.jpg?1442955719
826,Cetalox,https://fimgs.net/mdimg/sastojci/m.564.jpg?1442963041
827,Cheese,https://fimgs.net/mdimg/sastojci/m.579.jpg?1598590077
828,Civet,https://fimgs.net/mdimg/sastojci/m.104.jpg?1442952987
829,Coral Reef,https://fimgs.net/mdimg/sastojci/m.708.jpg?1437651211
830,Daim,https://fimgs.net/mdimg/sastojci/m.825.jpg?1511718301
831,Genet,https://fimgs.net/mdimg/sastojci/m.552.jpg?1442953537
832,Goat hair,https://fimgs.net/mdimg/sastojci/m.412.jpg?1441599660
833,Hyraceum,https://fimgs.net/mdimg/sastojci/m.411.jpg?1442953282
834,Kephalis,https://fimgs.net/mdimg/sastojci/m.399.jpg?1442963777
835,Leather,https://fimgs.net/mdimg/sastojci/m.156.jpg?1444596443
836,Meat,https://fimgs.net/mdimg/sastojci/m.513.jpg?1441599000
837,Milk,https://fimgs.net/mdimg/sastojci/m.199.jpg?1441598422
838,Musk,https://fimgs.net/mdimg/sastojci/m.4.jpg?1598555090
839,Oysters,https://fimgs.net/mdimg/sastojci/m.711.jpg?1598723388
840,Sea shells,https://fimgs.net/mdimg/sastojci/m.410.jpg?1598578770
841,Skin,https://fimgs.net/mdimg/sastojci/m.882.jpg?1598569163
842,Starfish,https://fimgs.net/mdimg/sastojci/m.217.jpg?1441598565
843,Suede,https://fimgs.net/mdimg/sastojci/m.196.jpg?1442954347
844,Sylkolide,https://fimgs.net/mdimg/sastojci/m.928.jpg?1598661501
845,Tolu Balsam,https://fimgs.net/mdimg/sastojci/m.71.jpg?1442947248
846,Truffle,https://fimgs.net/mdimg/sastojci/m.335.jpg?1442949547
847,Absinthe,https://fimgs.net/mdimg/sastojci/m.717.jpg?1444420176
848,Amaretto,https://fimgs.net/mdimg/sastojci/m.267.jpg?1441487737
849,Baileys Irish Cream,https://fimgs.net/mdimg/sastojci/m.870.jpg?1521160281
850,Beer/Ale,https://fimgs.net/mdimg/sastojci/m.965.jpg?1598644694
851,Bellini,https://fimgs.net/mdimg/sastojci/m.312.jpg?1441488020
852,Blue Margarita,https://fimgs.net/mdimg/sastojci/m.780.jpg?1453757456
853,Bourbon Whiskey,https://fimgs.net/mdimg/sastojci/m.939.jpg?1598586386
854,Caipirinha,https://fimgs.net/mdimg/sastojci/m.664.jpg?1424481019
855,Campari,https://fimgs.net/mdimg/sastojci/m.388.jpg?1441488828
856,Cappuccino,https://fimgs.net/mdimg/sastojci/m.246.jpg?1441491511
857,Champagne,https://fimgs.net/mdimg/sastojci/m.400.jpg?1441498366
858,Chinotto,https://fimgs.net/mdimg/sastojci/m.803.jpg?1598724634
859,Coca-Cola,https://fimgs.net/mdimg/sastojci/m.362.jpg?1441489150
860,Cognac,https://fimgs.net/mdimg/sastojci/m.280.jpg?1441486859
861,Cognac,https://fimgs.net/mdimg/sastojci/m.523.jpg?1441499173
862,Cosmopolitan cocktail,https://fimgs.net/mdimg/sastojci/m.648.jpg?1408378954
863,Cream Soda,https://fimgs.net/mdimg/sastojci/m.477.jpg?1441489540
864,Curacao,https://fimgs.net/mdimg/sastojci/m.220.jpg?1441490294
865,Daiquiri,https://fimgs.net/mdimg/sastojci/m.742.jpg?1449544432
866,Eau de vie,https://fimgs.net/mdimg/sastojci/m.647.jpg?1441490948
867,Gin,https://fimgs.net/mdimg/sastojci/m.299.jpg?1441490689
868,Grenadine,https://fimgs.net/mdimg/sastojci/m.311.jpg?1441491311
869,Hi-Fi,https://fimgs.net/mdimg/sastojci/m.758.jpg?1452573084
870,Jasmine Tea,https://fimgs.net/mdimg/sastojci/m.772.jpg?1453403803
871,Kir Royal,https://fimgs.net/mdimg/sastojci/m.576.jpg?1362479793
872,Lemonade,https://fimgs.net/mdimg/sastojci/m.455.jpg?1441496614
873,Limoncello,https://fimgs.net/mdimg/sastojci/m.440.jpg?1441496283
874,Liquor,https://fimgs.net/mdimg/sastojci/m.727.jpg?1587009298
875,Madeira,https://fimgs.net/mdimg/sastojci/m.743.jpg?1450829101
876,Mai Tai Cocktail,https://fimgs.net/mdimg/sastojci/m.665.jpg?1598721940
877,Martini,https://fimgs.net/mdimg/sastojci/m.420.jpg?1441497074
878,Masala Chai,https://fimgs.net/mdimg/sastojci/m.214.jpg?1598579526
879,Mojito,https://fimgs.net/mdimg/sastojci/m.300.jpg?1441497291
880,Pina Colada,https://fimgs.net/mdimg/sastojci/m.282.jpg?1500285747
881,Pisco Sour cocktail,https://fimgs.net/mdimg/sastojci/m.1050.jpg?1591009795
882,Port Wine,https://fimgs.net/mdimg/sastojci/m.950.jpg?1550368833
883,Prosecco,https://fimgs.net/mdimg/sastojci/m.1045.jpg?1584801137
884,Punch,https://fimgs.net/mdimg/sastojci/m.581.jpg?1598598819
885,Raki,https://fimgs.net/mdimg/sastojci/m.751.jpg?1451771322
886,Red Wine,https://fimgs.net/mdimg/sastojci/m.464.jpg?1441489973
887,Rum,https://fimgs.net/mdimg/sastojci/m.201.jpg?1441498126
888,sake,https://fimgs.net/mdimg/sastojci/m.734.jpg?1598600004
889,Sangria,https://fimgs.net/mdimg/sastojci/m.699.jpg?1598723009
890,Syrup,https://fimgs.net/mdimg/sastojci/m.997.jpg?1560619153
891,Tequila,https://fimgs.net/mdimg/sastojci/m.424.jpg?1441498788
892,Tokaji wine,https://fimgs.net/mdimg/sastojci/m.652.jpg?1500285911
893,Tonic Water,https://fimgs.net/mdimg/sastojci/m.660.jpg?1419931660
894,Vermouth,https://fimgs.net/mdimg/sastojci/m.628.jpg?1397376570
895,Vodka,https://fimgs.net/mdimg/sastojci/m.203.jpg?1441499464
896,Whiskey,https://fimgs.net/mdimg/sastojci/m.210.jpg?1441499750
897,White wine,https://fimgs.net/mdimg/sastojci/m.543.jpg?1441488408
898,Wine Lees,https://fimgs.net/mdimg/sastojci/m.1004.jpg?1566095199
899,Aldehydes,https://fimgs.net/mdimg/sastojci/m.165.jpg?1441565576
900,Aluminum,https://fimgs.net/mdimg/sastojci/m.456.jpg?1441502367
901,Ammonia,https://fimgs.net/mdimg/sastojci/m.1064.jpg?1603338558
902,Amyl Salicylate,https://fimgs.net/mdimg/sastojci/m.347.jpg?1598569581
903,Aquozone,https://fimgs.net/mdimg/sastojci/m.1039.jpg?1581964432
904,Ash,https://fimgs.net/mdimg/sastojci/m.627.jpg?1441513217
905,Asphalt,https://fimgs.net/mdimg/sastojci/m.556.jpg?1441502552
906,Blood,https://fimgs.net/mdimg/sastojci/m.1038.jpg?1581409713
907,Boisiris,https://fimgs.net/mdimg/sastojci/m.920.jpg?1599066235
908,Brick,https://fimgs.net/mdimg/sastojci/m.843.jpg?1516743908
909,Brown Scotch Tape,https://fimgs.net/mdimg/sastojci/m.511.jpg?1441500766
910,Burnt Match,https://fimgs.net/mdimg/sastojci/m.657.jpg?1418438932
911,Calone,https://fimgs.net/mdimg/sastojci/m.423.jpg?1543368897
912,Calypsone,https://fimgs.net/mdimg/sastojci/m.1032.jpg?1598662683
913,Camphor,https://fimgs.net/mdimg/sastojci/m.404.jpg?1441254877
914,Caoutchouc,https://fimgs.net/mdimg/sastojci/m.620.jpg?1598656957
915,Cascalone,https://fimgs.net/mdimg/sastojci/m.706.jpg?1598580301
916,Cashmeran,https://fimgs.net/mdimg/sastojci/m.348.jpg?1585703151
917,Clay,https://fimgs.net/mdimg/sastojci/m.403.jpg?1441514569
918,CO2 Extracts,https://fimgs.net/mdimg/sastojci/m.783.jpg?1453864857
919,Coal,https://fimgs.net/mdimg/sastojci/m.554.jpg?1441519280
920,Cobblestone,https://fimgs.net/mdimg/sastojci/m.973.jpg?1554919610
921,Concrete,https://fimgs.net/mdimg/sastojci/m.936.jpg?1547929281
922,Coranol,https://fimgs.net/mdimg/sastojci/m.895.jpg?1534403735
923,Cork,https://fimgs.net/mdimg/sastojci/m.844.jpg?1516744512
924,Cosmone,https://fimgs.net/mdimg/sastojci/m.922.jpg?1599066574
925,Coumarin,https://fimgs.net/mdimg/sastojci/m.259.jpg?1441303342
926,Dew Drop,https://fimgs.net/mdimg/sastojci/m.798.jpg?1456082222
927,Dihydromyrcenol,https://fimgs.net/mdimg/sastojci/m.1076.jpg?1612580454
928,Dodecanal,https://fimgs.net/mdimg/sastojci/m.902.jpg?1536699146
929,Earth tincture,https://fimgs.net/mdimg/sastojci/m.415.jpg?1441563337
930,Earthy Notes,https://fimgs.net/mdimg/sastojci/m.801.jpg?1585803554
931,Ember,https://fimgs.net/mdimg/sastojci/m.589.jpg?1368235156
932,Ethyl Maltol,https://fimgs.net/mdimg/sastojci/m.836.jpg?1514994510
933,Eugenol,https://fimgs.net/mdimg/sastojci/m.894.jpg?1534180612
934,Fabric,https://fimgs.net/mdimg/sastojci/m.953.jpg?1598652459
935,Fire,https://fimgs.net/mdimg/sastojci/m.960.jpg?1551500376
936,Fish,https://fimgs.net/mdimg/sastojci/m.991.jpg?1558573687
937,Flint,https://fimgs.net/mdimg/sastojci/m.712.jpg?1598590369
938,Galaxolide,https://fimgs.net/mdimg/sastojci/m.887.jpg?1598640294
939,Gasoline,https://fimgs.net/mdimg/sastojci/m.845.jpg?1517001028
940,Geosmin,https://fimgs.net/mdimg/sastojci/m.546.jpg?1441514090
941,Graphite,https://fimgs.net/mdimg/sastojci/m.831.jpg?1599014207
942,Gunpowder,https://fimgs.net/mdimg/sastojci/m.485.jpg?1441513503
943,Head Space Waterfall,https://fimgs.net/mdimg/sastojci/m.755.jpg?1598659996
944,Hedione,https://fimgs.net/mdimg/sastojci/m.640.jpg?1598561249
945,Hina,https://fimgs.net/mdimg/sastojci/m.775.jpg?1499756042
946,Hot iron,https://fimgs.net/mdimg/sastojci/m.591.jpg?1368236114
947,Ice,https://fimgs.net/mdimg/sastojci/m.856.jpg?1588390270
948,Indole,https://fimgs.net/mdimg/sastojci/m.528.jpg?1441299140
949,Industrial Glue,https://fimgs.net/mdimg/sastojci/m.512.jpg?1441501188
950,Ink,https://fimgs.net/mdimg/sastojci/m.539.jpg?1441514925
951,Instant film accord,https://fimgs.net/mdimg/sastojci/m.828.jpg?1512156850
952,Iso E Super,https://fimgs.net/mdimg/sastojci/m.422.jpg?1585802823
953,Isobutyl Quinoline,https://fimgs.net/mdimg/sastojci/m.925.jpg?1598661335
954,Javanol,https://fimgs.net/mdimg/sastojci/m.915.jpg?1598660847
955,Jeans,https://fimgs.net/mdimg/sastojci/m.765.jpg?1598723818
956,Lava,https://fimgs.net/mdimg/sastojci/m.833.jpg?1598660386
957,Linen,https://fimgs.net/mdimg/sastojci/m.857.jpg?1598586107
958,Lip gloss,https://fimgs.net/mdimg/sastojci/m.999.jpg?1560880371
959,Lipstick,https://fimgs.net/mdimg/sastojci/m.883.jpg?1529436920
960,Lorenox,https://fimgs.net/mdimg/sastojci/m.544.jpg?1543369961
961,Magnolan,https://fimgs.net/mdimg/sastojci/m.964.jpg?1599067637
962,Mahonial,https://fimgs.net/mdimg/sastojci/m.990.jpg?1598662302
963,Metallic notes,https://fimgs.net/mdimg/sastojci/m.458.jpg?1441515162
964,Mineral notes,https://fimgs.net/mdimg/sastojci/m.820.jpg?1587007676
965,Mitti Attar,https://fimgs.net/mdimg/sastojci/m.799.jpg?1598596374
966,Molasses,https://fimgs.net/mdimg/sastojci/m.767.jpg?1598724124
967,Motor Oil,https://fimgs.net/mdimg/sastojci/m.938.jpg?1598661832
968,Mountain Air,https://fimgs.net/mdimg/sastojci/m.679.jpg?1598567328
969,Mugane,https://fimgs.net/mdimg/sastojci/m.1041.jpg?1583056556
970,NaturalCalm™,https://fimgs.net/mdimg/sastojci/m.764.jpg?1452741278
971,Neoprene,https://fimgs.net/mdimg/sastojci/m.670.jpg?1427918098
972,Ozonic notes,https://fimgs.net/mdimg/sastojci/m.669.jpg?1427917954
973,Paper,https://fimgs.net/mdimg/sastojci/m.756.jpg?1452498581
974,Para-Cresyl Phenyl Acetate,https://fimgs.net/mdimg/sastojci/m.876.jpg?1523277626
975,Paradisone,https://fimgs.net/mdimg/sastojci/m.992.jpg?1558635355
976,Peat,https://fimgs.net/mdimg/sastojci/m.479.jpg?1441518989
977,Pebbles,https://fimgs.net/mdimg/sastojci/m.457.jpg?1441518106
978,Petalia,https://fimgs.net/mdimg/sastojci/m.617.jpg?1604002029
979,Plastic,https://fimgs.net/mdimg/sastojci/m.954.jpg?1598652814
980,Pollen,https://fimgs.net/mdimg/sastojci/m.896.jpg?1598640646
981,Pomarose,https://fimgs.net/mdimg/sastojci/m.872.jpg?1521746149
982,Powdery notes,https://fimgs.net/mdimg/sastojci/m.482.jpg?1585701558
983,Rain Notes,https://fimgs.net/mdimg/sastojci/m.800.jpg?1598567122
984,Salt,https://fimgs.net/mdimg/sastojci/m.231.jpg?1441518477
985,Sand,https://fimgs.net/mdimg/sastojci/m.325.jpg?1441516292
986,Satin,https://fimgs.net/mdimg/sastojci/m.558.jpg?1441501508
987,Sea Water,https://fimgs.net/mdimg/sastojci/m.324.jpg?1441515777
988,Silk,https://fimgs.net/mdimg/sastojci/m.1003.jpg?1564261526
989,Slate,https://fimgs.net/mdimg/sastojci/m.459.jpg?1441516999
990,Smoke,https://fimgs.net/mdimg/sastojci/m.735.jpg?1585710238
991,Snow,https://fimgs.net/mdimg/sastojci/m.835.jpg?1514667416
992,Soap,https://fimgs.net/mdimg/sastojci/m.1057.jpg?1598564634
993,Sodium Silicate,https://fimgs.net/mdimg/sastojci/m.802.jpg?1463888712
994,Solar notes,https://fimgs.net/mdimg/sastojci/m.672.jpg?1585802995
995,Spiranol,https://fimgs.net/mdimg/sastojci/m.1052.jpg?1599070877
996,Spray paint,https://fimgs.net/mdimg/sastojci/m.998.jpg?1560678000
997,Stone,https://fimgs.net/mdimg/sastojci/m.1073.jpg?1612534186
998,Sulphur,https://fimgs.net/mdimg/sastojci/m.1063.jpg?1603222933
999,Suntan Lotion,https://fimgs.net/mdimg/sastojci/m.1035.jpg?1579736088
1000,Talc,https://fimgs.net/mdimg/sastojci/m.976.jpg?1556828462
1001,Tennis ball,https://fimgs.net/mdimg/sastojci/m.557.jpg?1441501707
1002,Tulle accord,https://fimgs.net/mdimg/sastojci/m.842.jpg?1598580702
1003,Vanillin,https://fimgs.net/mdimg/sastojci/m.1078.jpg?1612581731
1004,Varnish accord,https://fimgs.net/mdimg/sastojci/m.789.jpg?1454436906
1005,Velvet,https://fimgs.net/mdimg/sastojci/m.779.jpg?1598577421
1006,Verdox,https://fimgs.net/mdimg/sastojci/m.1053.jpg?1599071719
1007,Vinyl,https://fimgs.net/mdimg/sastojci/m.499.jpg?1441502024
1008,Water,https://fimgs.net/mdimg/sastojci/m.370.jpg?1441519669
1009,Wet plaster,https://fimgs.net/mdimg/sastojci/m.607.jpg?1441562916
1010,Wool,https://fimgs.net/mdimg/sastojci/m.830.jpg?1598596693
1011,Yeast,https://fimgs.net/mdimg/sastojci/m.1081.jpg?1612651288
